{"1": {"1": {"coordinate": [-3, 205], "vertical": true}}, "2": {"1": {"coordinate": [20, 200], "vertical": false}, "2": {"coordinate": [-100, 400], "vertical": false}}, "3": {"1": {"coordinate": [400, -150], "vertical": false}, "2": {"coordinate": [150, 320], "vertical": false}}, "4": {"1": {"coordinate": [300, 300], "vertical": false}}, "5": {"1": {"coordinate": [220, -100], "vertical": false}}, "6": {"1": {"coordinate": [20, -400], "vertical": false}, "2": {"coordinate": [200, 400], "vertical": false}}, "7": {}}